Div,Date,Time,HomeTeam,AwayTeam,FTHG,FTAG,FTR,HTHG,HTAG,HTR,Referee,HS,AS,HST,AST,HF,AF,HC,AC,HY,AY,HR,AR,B365H,B365D,B365A,AvgH,AvgD,AvgA,Avg>2.5,Avg<2.5,B365>2.5,B365<2.5
E0,21/01/2024,15:00,Arsenal,Tottenham,0,3,A,0,0,D,Test Ref,14,20,4,4,8,13,4,8,2,4,0,0,1.51,4.4,5.84,1.51,4.4,5.84,2.29,1.74,2.29,1.74
E0,08/01/2024,15:00,Nott'm Forest,Aston Villa,1,3,A,0,0,D,Test Ref,8,6,2,1,17,19,5,7,1,1,0,0,5.65,3.95,2.77,5.65,3.95,2.77,2.03,1.97,2.03,1.97
E0,16/01/2024,15:00,Fulham,Chelsea,3,2,H,0,0,D,Test Ref,11,13,5,3,5,12,9,4,2,2,0,0,2.92,2.73,5.34,2.92,2.73,5.34,2.09,1.76,2.09,1.76
E0,07/01/2024,15:00,Liverpool,Brentford,2,1,H,1,1,D,Test Ref,18,11,3,5,16,17,11,11,2,0,0,0,5.56,3.0,3.17,5.56,3.0,3.17,2.23,1.65,2.23,1.65
E0,20/01/2024,15:00,West Ham,Southampton,1,5,A,1,1,D,Test Ref,5,5,1,1,7,11,5,10,2,0,0,0,2.49,2.99,2.01,2.49,2.99,2.01,1.64,2.01,1.64,2.01
E0,24/01/2024,15:00,Man United,Bournemouth,3,1,H,0,0,D,Test Ref,21,6,8,1,5,7,6,2,1,4,0,0,2.36,3.84,4.86,2.36,3.84,4.86,1.66,2.2,1.66,2.2
E0,16/01/2024,15:00,Ipswich,Wolves,2,2,D,1,1,D,Test Ref,8,23,3,12,8,13,5,8,0,1,0,0,4.73,2.92,3.8,4.73,2.92,3.8,2.17,1.65,2.17,1.65
E0,14/01/2024,15:00,Brighton,Man City,3,0,H,3,0,H,Test Ref,20,20,11,11,12,8,9,2,2,0,0,0,4.11,2.52,1.69,4.11,2.52,1.69,2.13,1.41,2.13,1.41
E0,16/01/2024,15:00,Everton,Leicester,3,1,H,0,1,A,Test Ref,11,7,5,2,11,10,4,7,4,2,0,0,5.02,3.51,3.97,5.02,3.51,3.97,1.94,1.61,1.94,1.61
E0,15/01/2024,15:00,Newcastle,Crystal Palace,1,1,D,1,0,H,Test Ref,21,18,12,10,19,17,2,5,4,0,0,0,3.87,4.37,4.54,3.87,4.37,4.54,2.03,1.51,2.03,1.51
E0,07/02/2024,15:00,Man United,Liverpool,2,3,A,0,0,D,Test Ref,6,23,2,9,14,10,7,11,0,3,1,0,3.78,3.15,5.17,3.78,3.15,5.17,1.7,2.46,1.7,2.46
E0,01/02/2024,15:00,Brighton,Brentford,0,0,D,0,0,D,Test Ref,17,22,6,7,19,7,2,9,3,1,0,1,5.82,4.17,4.54,5.82,4.17,4.54,1.85,1.59,1.85,1.59
E0,04/02/2024,15:00,Newcastle,Nott'm Forest,1,0,H,0,0,D,Test Ref,9,7,2,2,13,17,6,7,3,4,0,0,5.9,2.85,1.28,5.9,2.85,1.28,2.24,2.29,2.24,2.29
E0,11/02/2024,15:00,Bournemouth,Tottenham,0,1,A,0,0,D,Test Ref,14,23,5,12,12,11,6,5,1,0,0,0,5.04,3.85,3.95,5.04,3.85,3.95,1.54,2.29,1.54,2.29
E0,25/02/2024,15:00,Man City,West Ham,4,0,H,0,0,D,Test Ref,23,22,10,5,14,14,9,11,1,2,0,0,4.54,3.76,5.41,4.54,3.76,5.41,2.21,2.28,2.21,2.28
E0,12/02/2024,15:00,Crystal Palace,Chelsea,2,2,D,0,1,A,Test Ref,9,16,3,8,13,18,10,4,0,0,0,0,2.74,4.29,3.07,2.74,4.29,3.07,1.41,2.4,1.41,2.4
E0,06/02/2024,15:00,Leicester,Fulham,3,1,H,0,1,A,Test Ref,8,20,4,4,11,18,11,11,1,4,0,0,4.59,4.44,4.5,4.59,4.44,4.5,2.32,2.35,2.32,2.35
E0,07/02/2024,15:00,Arsenal,Everton,0,1,A,0,0,D,Test Ref,23,12,8,4,19,11,5,2,0,4,0,0,1.6,4.05,3.88,1.6,4.05,3.88,1.87,2.4,1.87,2.4
E0,22/02/2024,15:00,Southampton,Wolves,1,1,D,1,1,D,Test Ref,21,5,6,2,9,15,6,7,3,4,0,0,1.56,2.83,2.24,1.56,2.83,2.24,1.72,2.5,1.72,2.5
E0,05/02/2024,15:00,Ipswich,Aston Villa,2,0,H,2,0,H,Test Ref,8,12,2,5,8,15,6,10,0,0,0,0,4.49,2.83,5.57,4.49,2.83,5.57,2.3,2.44,2.3,2.44
E0,01/03/2024,15:00,Brentford,Wolves,1,0,H,0,0,D,Test Ref,10,21,4,10,11,9,4,6,4,4,0,0,2.36,2.91,2.41,2.36,2.91,2.41,1.7,1.63,1.7,1.63
E0,15/03/2024,15:00,Man United,Liverpool,2,0,H,1,0,H,Test Ref,16,5,6,2,19,19,10,2,4,4,0,0,5.54,3.73,5.91,5.54,3.73,5.91,2.07,2.1,2.07,2.1
E0,19/03/2024,15:00,Fulham,Tottenham,2,2,D,2,1,H,Test Ref,24,9,14,3,11,11,4,10,2,3,0,0,5.5,3.45,4.4,5.5,3.45,4.4,1.59,1.61,1.59,1.61
E0,24/03/2024,15:00,Nott'm Forest,Bournemouth,2,0,H,1,0,H,Test Ref,18,6,4,1,13,19,10,11,0,2,0,0,2.53,4.11,4.79,2.53,4.11,4.79,1.6,1.63,1.6,1.63
E0,10/03/2024,15:00,Leicester,West Ham,2,2,D,0,2,A,Test Ref,19,17,10,5,11,9,4,10,3,1,0,0,1.63,3.57,2.32,1.63,3.57,2.32,1.78,1.92,1.78,1.92
E0,24/03/2024,15:00,Southampton,Chelsea,2,1,H,1,0,H,Test Ref,13,9,4,4,15,17,3,9,4,0,0,0,1.93,2.99,1.97,1.93,2.99,1.97,1.61,1.71,1.61,1.71
E0,01/03/2024,15:00,Arsenal,Everton,1,1,D,1,0,H,Test Ref,15,8,3,4,7,18,9,7,0,1,0,0,2.54,4.04,2.1,2.54,4.04,2.1,1.76,1.87,1.76,1.87
E0,12/03/2024,15:00,Crystal Palace,Brighton,3,0,H,2,0,H,Test Ref,14,9,3,5,8,5,9,3,4,0,0,0,3.46,3.32,2.87,3.46,3.32,2.87,2.42,2.31,2.42,2.31
E0,01/03/2024,15:00,Man City,Ipswich,3,2,H,0,2,A,Test Ref,7,9,3,4,13,17,11,5,1,0,0,0,4.63,4.3,4.2,4.63,4.3,4.2,1.99,1.88,1.99,1.88
E0,22/03/2024,15:00,Aston Villa,Newcastle,1,1,D,1,1,D,Test Ref,24,19,13,7,17,10,8,5,0,0,0,0,1.89,2.91,4.63,1.89,2.91,4.63,1.94,2.23,1.94,2.23
E0,26/04/2024,15:00,Leicester,Arsenal,3,0,H,0,0,D,Test Ref,15,16,8,4,5,19,3,10,3,2,0,0,4.54,4.34,4.59,4.54,4.34,4.59,1.57,2.03,1.57,2.03
E0,06/04/2024,15:00,Fulham,Ipswich,0,0,D,0,0,D,Test Ref,9,18,2,9,11,7,2,7,4,0,0,0,4.98,3.71,1.75,4.98,3.71,1.75,1.86,2.35,1.86,2.35
E0,07/04/2024,15:00,Wolves,Liverpool,1,2,A,1,0,H,Test Ref,11,24,4,13,14,16,2,7,1,4,0,0,3.4,3.61,5.33,3.4,3.61,5.33,1.99,1.6,1.99,1.6
E0,10/04/2024,15:00,Crystal Palace,Bournemouth,1,1,D,1,0,H,Test Ref,17,20,7,4,6,10,4,3,3,0,0,0,1.95,2.86,5.34,1.95,2.86,5.34,2.44,1.81,2.44,1.81
E0,21/04/2024,15:00,Aston Villa,Man United,6,1,H,0,0,D,Test Ref,12,19,5,10,7,12,9,3,2,3,0,0,3.15,3.15,1.62,3.15,3.15,1.62,2.1,2.21,2.1,2.21
E0,23/04/2024,15:00,Brighton,Nott'm Forest,0,0,D,0,0,D,Test Ref,14,6,4,1,9,10,5,6,0,1,0,0,5.88,4.06,1.75,5.88,4.06,1.75,2.02,2.48,2.02,2.48
E0,22/04/2024,15:00,Tottenham,Southampton,2,0,H,1,0,H,Test Ref,15,18,8,7,9,15,3,8,1,4,0,0,1.52,3.31,3.59,1.52,3.31,3.59,2.19,1.52,2.19,1.52
E0,15/04/2024,15:00,Everton,West Ham,0,3,A,0,1,A,Test Ref,18,6,4,2,8,7,4,6,1,4,0,0,2.91,3.94,2.63,2.91,3.94,2.63,2.02,1.92,2.02,1.92
E0,05/04/2024,15:00,Brentford,Newcastle,1,1,D,1,1,D,Test Ref,13,6,3,1,13,17,2,2,2,1,0,0,1.57,2.5,5.84,1.57,2.5,5.84,1.41,1.51,1.41,1.51
E0,23/04/2024,15:00,Man City,Chelsea,0,1,A,0,0,D,Test Ref,20,23,9,12,10,10,8,6,0,1,0,0,5.94,4.39,1.39,5.94,4.39,1.39,2.18,2.42,2.18,2.42
E0,03/05/2024,15:00,Nott'm Forest,Arsenal,2,2,D,0,0,D,Test Ref,11,19,5,7,17,6,7,10,0,4,0,0,1.32,4.24,1.3,1.32,4.24,1.3,2.36,1.98,2.36,1.98
E0,16/05/2024,15:00,Brighton,Chelsea,0,0,D,0,0,D,Test Ref,16,20,8,11,19,11,11,10,3,4,0,1,3.44,3.09,5.29,3.44,3.09,5.29,2.19,2.05,2.19,2.05
E0,09/05/2024,15:00,West Ham,Ipswich,0,2,A,0,2,A,Test Ref,10,11,5,6,11,8,3,10,3,2,0,0,2.31,4.16,1.78,2.31,4.16,1.78,1.45,1.82,1.45,1.82
E0,09/05/2024,15:00,Tottenham,Liverpool,0,1,A,0,1,A,Test Ref,14,7,7,3,7,10,9,4,4,4,0,0,3.98,2.68,5.41,3.98,2.68,5.41,1.69,1.54,1.69,1.54
E0,08/05/2024,15:00,Brentford,Man City,0,1,A,0,1,A,Test Ref,19,10,5,4,10,9,11,3,3,4,0,0,1.5,4.27,3.68,1.5,4.27,3.68,2.4,2.03,2.4,2.03
E0,14/05/2024,15:00,Southampton,Leicester,2,5,A,2,1,H,Test Ref,11,9,6,4,14,14,4,8,2,4,0,0,5.13,4.16,3.64,5.13,4.16,3.64,1.41,1.72,1.41,1.72
E0,12/05/2024,15:00,Aston Villa,Everton,1,0,H,0,0,D,Test Ref,17,7,4,2,13,6,8,11,3,3,0,0,4.99,2.85,4.9,4.99,2.85,4.9,2.44,1.58,2.44,1.58
E0,02/05/2024,15:00,Bournemouth,Fulham,0,1,A,0,1,A,Test Ref,16,11,3,5,11,14,4,11,1,1,0,0,3.37,2.83,5.02,3.37,2.83,5.02,2.16,1.64,2.16,1.64
E0,08/05/2024,15:00,Wolves,Newcastle,1,0,H,1,0,H,Test Ref,9,7,2,2,17,7,7,3,0,0,0,0,3.46,3.59,1.96,3.46,3.59,1.96,1.62,1.5,1.62,1.5
E0,06/05/2024,15:00,Man United,Crystal Palace,4,0,H,3,0,H,Test Ref,21,16,6,6,10,9,10,7,4,1,0,0,3.39,2.52,1.55,3.39,2.52,1.55,1.83,1.93,1.83,1.93
E0,08/06/2024,15:00,Liverpool,Aston Villa,2,2,D,1,0,H,Test Ref,10,11,2,5,11,16,3,11,0,2,0,0,4.05,3.73,4.14,4.05,3.73,4.14,1.73,2.43,1.73,2.43
E0,19/06/2024,15:00,Crystal Palace,Brighton,2,1,H,2,0,H,Test Ref,7,13,1,4,16,11,3,7,3,4,0,0,2.78,3.44,4.77,2.78,3.44,4.77,2.36,1.88,2.36,1.88
E0,17/06/2024,15:00,Man United,West Ham,0,0,D,0,0,D,Test Ref,7,14,2,4,11,16,7,2,0,4,0,0,3.24,3.19,2.98,3.24,3.19,2.98,2.49,1.44,2.49,1.44
E0,15/06/2024,15:00,Ipswich,Brentford,2,1,H,2,1,H,Test Ref,16,7,7,3,14,12,2,4,3,1,0,0,2.07,4.21,3.56,2.07,4.21,3.56,1.67,2.36,1.67,2.36
E0,20/06/2024,15:00,Tottenham,Nott'm Forest,3,1,H,0,1,A,Test Ref,5,12,2,4,7,10,8,11,1,4,0,0,3.27,3.0,4.16,3.27,3.0,4.16,2.18,1.58,2.18,1.58
E0,24/06/2024,15:00,Newcastle,Bournemouth,2,2,D,0,1,A,Test Ref,24,22,14,5,14,17,6,5,0,2,0,0,2.72,3.51,1.4,2.72,3.51,1.4,1.56,2.49,1.56,2.49
E0,26/06/2024,15:00,Southampton,Wolves,1,0,H,1,0,H,Test Ref,16,10,4,2,14,16,5,3,1,4,0,0,3.33,4.24,2.05,3.33,4.24,2.05,2.16,2.32,2.16,2.32
E0,14/06/2024,15:00,Everton,Fulham,1,0,H,1,0,H,Test Ref,20,18,7,8,6,10,11,3,0,0,0,0,4.96,3.63,4.74,4.96,3.63,4.74,2.37,1.84,2.37,1.84
E0,26/06/2024,15:00,Chelsea,Arsenal,4,1,H,0,1,A,Test Ref,5,16,2,6,5,5,4,10,0,2,0,0,4.1,3.84,4.17,4.1,3.84,4.17,1.91,1.82,1.91,1.82
E0,04/06/2024,15:00,Man City,Leicester,4,0,H,1,0,H,Test Ref,15,20,6,9,15,11,6,8,4,3,0,0,3.02,2.89,3.5,3.02,2.89,3.5,1.61,1.58,1.61,1.58
E0,05/07/2024,15:00,Brighton,Wolves,1,1,D,1,1,D,Test Ref,14,19,8,8,10,16,7,6,0,1,0,0,3.17,4.18,5.52,3.17,4.18,5.52,1.79,1.66,1.79,1.66
E0,07/07/2024,15:00,Leicester,Crystal Palace,1,4,A,0,0,D,Test Ref,21,7,11,2,10,9,6,2,2,3,0,0,2.43,3.76,1.48,2.43,3.76,1.48,1.56,1.7,1.56,1.7
E0,08/07/2024,15:00,Liverpool,Tottenham,2,3,A,0,1,A,Test Ref,11,17,2,3,7,13,2,5,0,2,0,0,3.32,4.16,4.41,3.32,4.16,4.41,1.48,2.1,1.48,2.1
E0,05/07/2024,15:00,Southampton,Chelsea,3,1,H,2,1,H,Test Ref,12,16,2,9,14,18,10,8,0,3,0,0,5.02,4.35,2.33,5.02,4.35,2.33,1.84,1.57,1.84,1.57
E0,18/07/2024,15:00,Fulham,West Ham,2,1,H,0,1,A,Test Ref,16,10,4,2,11,6,5,2,4,1,0,0,2.35,3.52,5.16,2.35,3.52,5.16,1.71,2.44,1.71,2.44
E0,01/07/2024,15:00,Arsenal,Man City,4,0,H,1,0,H,Test Ref,14,18,7,9,19,9,5,10,2,1,0,0,5.8,3.65,5.68,5.8,3.65,5.68,2.03,1.93,2.03,1.93
E0,11/07/2024,15:00,Aston Villa,Brentford,3,0,H,1,0,H,Test Ref,6,12,2,4,6,17,5,5,3,4,1,0,2.95,3.27,3.91,2.95,3.27,3.91,1.61,1.63,1.61,1.63
E0,03/07/2024,15:00,Ipswich,Everton,2,1,H,0,1,A,Test Ref,11,20,5,8,12,5,5,8,4,3,0,0,3.73,3.35,1.83,3.73,3.35,1.83,2.38,1.89,2.38,1.89
E0,11/07/2024,15:00,Bournemouth,Newcastle,1,3,A,0,0,D,Test Ref,10,19,4,8,9,5,9,8,4,4,0,0,2.15,2.63,1.4,2.15,2.63,1.4,1.81,1.69,1.81,1.69
E0,11/07/2024,15:00,Man United,Nott'm Forest,2,1,H,0,1,A,Test Ref,13,24,7,8,13,5,11,2,0,0,0,0,2.42,4.18,1.38,2.42,4.18,1.38,2.39,1.91,2.39,1.91
E0,08/08/2024,15:00,Wolves,Chelsea,0,0,D,0,0,D,Test Ref,18,8,6,4,16,7,8,4,2,1,0,0,4.87,3.03,1.3,4.87,3.03,1.3,1.49,2.46,1.49,2.46
E0,26/08/2024,15:00,Brentford,Leicester,2,0,H,0,0,D,Test Ref,13,22,4,5,10,17,9,3,4,3,0,1,1.73,3.7,1.66,1.73,3.7,1.66,1.81,2.01,1.81,2.01
E0,20/08/2024,15:00,Fulham,Man United,2,0,H,0,0,D,Test Ref,11,21,3,8,18,12,6,6,3,2,0,0,2.49,3.58,4.69,2.49,3.58,4.69,1.52,2.15,1.52,2.15
E0,14/08/2024,15:00,Ipswich,Man City,1,2,A,1,0,H,Test Ref,23,11,9,6,14,14,6,9,0,3,0,0,1.68,3.3,5.04,1.68,3.3,5.04,1.62,2.01,1.62,2.01
E0,22/08/2024,15:00,Nott'm Forest,Brighton,1,1,D,1,1,D,Test Ref,21,18,5,10,15,7,10,5,2,4,0,0,4.29,4.06,2.24,4.29,4.06,2.24,1.55,2.13,1.55,2.13
E0,26/08/2024,15:00,Bournemouth,Tottenham,1,1,D,1,1,D,Test Ref,18,7,4,3,8,12,8,5,1,1,0,1,2.75,3.77,1.92,2.75,3.77,1.92,2.16,2.22,2.16,2.22
E0,05/08/2024,15:00,Crystal Palace,Liverpool,3,0,H,0,0,D,Test Ref,22,24,4,12,17,5,10,7,0,3,0,0,4.49,4.48,4.79,4.49,4.48,4.79,2.21,2.45,2.21,2.45
E0,07/08/2024,15:00,Arsenal,Newcastle,0,1,A,0,0,D,Test Ref,17,10,6,3,14,7,6,4,1,2,0,0,3.51,3.37,5.7,3.51,3.37,5.7,2.18,2.09,2.18,2.09
E0,04/08/2024,15:00,Southampton,West Ham,3,0,H,0,0,D,Test Ref,24,8,4,2,16,11,11,7,2,3,0,0,2.98,3.36,5.25,2.98,3.36,5.25,1.69,1.57,1.69,1.57
E0,05/08/2024,15:00,Everton,Aston Villa,0,0,D,0,0,D,Test Ref,5,11,1,3,12,19,9,5,4,1,0,0,4.2,3.49,5.9,4.2,3.49,5.9,1.56,2.2,1.56,2.2
E0,14/09/2024,15:00,Man City,Bournemouth,1,2,A,1,0,H,Test Ref,6,20,1,4,10,16,4,8,3,2,0,0,4.97,2.9,2.44,4.97,2.9,2.44,1.58,1.76,1.58,1.76
E0,19/09/2024,15:00,Newcastle,Leicester,1,0,H,1,0,H,Test Ref,13,12,7,6,12,18,3,10,2,3,0,0,1.71,3.81,5.15,1.71,3.81,5.15,1.82,2.25,1.82,2.25
E0,28/09/2024,15:00,Man United,Everton,0,0,D,0,0,D,Test Ref,13,8,4,2,6,14,10,9,3,3,0,0,4.14,3.23,5.51,4.14,3.23,5.51,1.59,1.96,1.59,1.96
E0,03/09/2024,15:00,Nott'm Forest,Tottenham,0,0,D,0,0,D,Test Ref,10,18,2,9,19,17,8,2,4,4,0,0,5.99,4.46,4.35,5.99,4.46,4.35,1.54,2.16,1.54,2.16
E0,09/09/2024,15:00,Chelsea,Crystal Palace,3,1,H,2,1,H,Test Ref,15,6,7,2,6,10,6,9,2,3,0,0,4.62,4.15,1.68,4.62,4.15,1.68,1.66,1.56,1.66,1.56
E0,21/09/2024,15:00,Wolves,Ipswich,1,1,D,1,1,D,Test Ref,5,24,2,5,12,16,4,9,0,3,0,0,2.54,3.79,4.53,2.54,3.79,4.53,1.96,1.74,1.96,1.74
E0,26/09/2024,15:00,Brentford,Brighton,0,0,D,0,0,D,Test Ref,22,23,12,10,12,18,8,3,3,4,0,0,5.89,2.72,3.23,5.89,2.72,3.23,1.45,2.21,1.45,2.21
E0,04/09/2024,15:00,Aston Villa,Arsenal,1,5,A,1,1,D,Test Ref,23,19,8,5,12,5,6,5,0,0,0,0,4.07,3.09,2.64,4.07,3.09,2.64,2.22,1.45,2.22,1.45
E0,23/09/2024,15:00,Fulham,Liverpool,3,2,H,1,0,H,Test Ref,15,18,8,7,9,7,6,5,3,0,0,0,1.36,4.24,1.51,1.36,4.24,1.51,2.45,1.43,2.45,1.43
E0,17/09/2024,15:00,West Ham,Southampton,1,2,A,1,1,D,Test Ref,24,23,7,9,16,17,5,7,2,3,0,0,4.77,3.51,4.24,4.77,3.51,4.24,1.48,1.68,1.48,1.68
E0,14/10/2024,15:00,Newcastle,Aston Villa,1,2,A,1,0,H,Test Ref,14,15,3,4,5,13,9,6,0,4,0,0,5.4,3.49,4.57,5.4,3.49,4.57,2.49,1.54,2.49,1.54
E0,17/10/2024,15:00,West Ham,Crystal Palace,0,1,A,0,1,A,Test Ref,11,9,2,4,5,19,8,8,3,1,0,0,5.04,3.83,1.64,5.04,3.83,1.64,2.06,2.0,2.06,2.0
E0,09/10/2024,15:00,Wolves,Brentford,0,0,D,0,0,D,Test Ref,6,23,2,4,10,13,3,4,0,3,0,0,4.76,3.56,5.18,4.76,3.56,5.18,2.49,2.3,2.49,2.3
E0,23/10/2024,15:00,Brighton,Southampton,1,1,D,0,0,D,Test Ref,21,10,11,4,7,17,3,5,0,4,0,0,2.29,3.27,3.36,2.29,3.27,3.36,2.04,2.24,2.04,2.24
E0,08/10/2024,15:00,Leicester,Tottenham,1,1,D,1,0,H,Test Ref,9,11,2,6,7,17,2,5,1,3,0,1,3.05,4.08,4.06,3.05,4.08,4.06,1.51,2.33,1.51,2.33
E0,04/10/2024,15:00,Bournemouth,Nott'm Forest,1,2,A,0,0,D,Test Ref,7,15,1,3,7,6,7,11,2,4,0,0,5.52,2.73,5.79,5.52,2.73,5.79,1.75,2.38,1.75,2.38
E0,28/10/2024,15:00,Man United,Man City,2,1,H,0,1,A,Test Ref,17,6,4,1,7,14,8,4,1,4,0,0,2.84,3.04,5.84,2.84,3.04,5.84,2.01,1.78,2.01,1.78
E0,17/10/2024,15:00,Fulham,Arsenal,2,1,H,2,0,H,Test Ref,23,9,11,2,9,8,6,2,2,2,0,0,3.76,4.24,1.83,3.76,4.24,1.83,2.27,1.54,2.27,1.54
E0,09/10/2024,15:00,Ipswich,Everton,2,3,A,1,0,H,Test Ref,8,10,3,4,7,6,8,10,0,2,0,0,3.33,3.7,4.04,3.33,3.7,4.04,2.29,1.92,2.29,1.92
E0,25/10/2024,15:00,Chelsea,Liverpool,0,0,D,0,0,D,Test Ref,10,7,3,2,10,17,8,3,2,2,0,0,2.64,3.22,5.06,2.64,3.22,5.06,1.71,1.63,1.71,1.63
E0,28/11/2024,15:00,Leicester,Aston Villa,4,1,H,0,0,D,Test Ref,10,15,3,3,15,10,3,4,1,0,0,0,4.59,2.6,1.55,4.59,2.6,1.55,1.84,1.72,1.84,1.72
E0,20/11/2024,15:00,Fulham,Chelsea,2,0,H,0,0,D,Test Ref,11,11,3,5,7,9,6,6,2,0,0,0,4.65,4.23,3.38,4.65,4.23,3.38,2.3,2.01,2.3,2.01
E0,12/11/2024,15:00,Liverpool,Man United,1,3,A,1,1,D,Test Ref,18,6,4,2,19,13,10,2,0,1,0,0,4.05,4.29,4.0,4.05,4.29,4.0,1.91,1.77,1.91,1.77
E0,01/11/2024,15:00,Brighton,Nott'm Forest,2,1,H,1,1,D,Test Ref,21,10,7,5,14,11,6,2,1,4,0,0,4.58,2.51,2.0,4.58,2.51,2.0,2.18,2.13,2.18,2.13
E0,22/11/2024,15:00,Brentford,Wolves,1,2,A,1,1,D,Test Ref,20,11,8,4,16,13,3,4,3,0,0,0,3.2,3.94,2.98,3.2,3.94,2.98,2.36,2.2,2.36,2.2
E0,13/11/2024,15:00,West Ham,Man City,0,2,A,0,1,A,Test Ref,10,16,2,7,5,8,7,7,4,3,1,0,5.15,4.06,3.81,5.15,4.06,3.81,1.51,2.16,1.51,2.16
E0,12/11/2024,15:00,Crystal Palace,Southampton,1,0,H,0,0,D,Test Ref,7,19,2,10,17,15,5,9,0,3,1,0,4.86,3.41,2.48,4.86,3.41,2.48,1.64,1.54,1.64,1.54
E0,03/11/2024,15:00,Arsenal,Ipswich,0,0,D,0,0,D,Test Ref,5,11,1,3,17,11,6,5,3,2,1,0,4.96,4.06,3.4,4.96,4.06,3.4,1.84,1.73,1.84,1.73
E0,04/11/2024,15:00,Everton,Tottenham,3,0,H,1,0,H,Test Ref,24,22,10,9,5,15,7,10,1,3,0,0,5.27,3.13,2.53,5.27,3.13,2.53,2.48,1.98,2.48,1.98
E0,06/11/2024,15:00,Bournemouth,Newcastle,2,1,H,0,0,D,Test Ref,19,13,9,6,8,8,3,6,0,2,1,0,2.65,4.02,2.9,2.65,4.02,2.9,2.44,2.46,2.44,2.46
E0,02/12/2024,15:00,Fulham,Liverpool,1,1,D,0,1,A,Test Ref,16,15,6,8,10,10,8,8,1,1,1,0,4.71,3.21,4.55,4.71,3.21,4.55,1.83,2.45,1.83,2.45
E0,13/12/2024,15:00,Brentford,Crystal Palace,1,2,A,1,0,H,Test Ref,22,16,4,3,19,15,6,11,4,1,0,0,4.7,2.69,3.26,4.7,2.69,3.26,1.43,1.93,1.43,1.93
E0,13/12/2024,15:00,Aston Villa,Brighton,0,1,A,0,0,D,Test Ref,7,24,1,5,11,15,4,2,1,0,0,0,3.91,3.22,4.35,3.91,3.22,4.35,1.66,1.61,1.66,1.61
E0,20/12/2024,15:00,Newcastle,Leicester,1,2,A,1,1,D,Test Ref,8,9,3,3,16,14,6,4,2,2,0,0,5.54,4.19,3.12,5.54,4.19,3.12,2.24,2.31,2.24,2.31
E0,13/12/2024,15:00,Southampton,Arsenal,1,1,D,0,1,A,Test Ref,8,19,4,7,19,17,9,9,3,1,0,0,5.16,3.53,3.42,5.16,3.53,3.42,1.45,1.72,1.45,1.72
E0,13/12/2024,15:00,Everton,Wolves,0,0,D,0,0,D,Test Ref,10,9,4,2,9,17,8,7,3,2,0,0,2.12,3.12,4.71,2.12,3.12,4.71,2.1,1.86,2.1,1.86
E0,22/12/2024,15:00,Bournemouth,Nott'm Forest,1,0,H,1,0,H,Test Ref,19,8,11,4,9,12,6,7,0,2,0,0,1.3,3.04,3.68,1.3,3.04,3.68,1.7,2.09,1.7,2.09
E0,06/12/2024,15:00,Man City,West Ham,1,0,H,1,0,H,Test Ref,23,8,13,3,19,11,3,9,2,0,0,0,5.28,3.19,1.35,5.28,3.19,1.35,1.46,1.56,1.46,1.56
E0,01/12/2024,15:00,Ipswich,Man United,3,3,D,0,0,D,Test Ref,8,22,1,11,18,14,4,9,0,1,0,0,4.58,4.13,3.82,4.58,4.13,3.82,2.46,1.46,2.46,1.46
E0,11/12/2024,15:00,Tottenham,Chelsea,1,0,H,1,0,H,Test Ref,16,6,8,2,11,18,6,9,2,1,0,0,1.26,3.85,1.45,1.26,3.85,1.45,2.0,1.72,2.0,1.72
E0,17/01/2024,15:00,Brentford,Man City,0,2,A,0,0,D,Test Ref,23,24,7,7,13,12,11,10,1,4,0,0,3.83,4.46,3.87,3.83,4.46,3.87,1.61,2.04,1.61,2.04
E0,21/01/2024,15:00,Ipswich,Crystal Palace,1,0,H,0,0,D,Test Ref,20,6,6,2,15,11,7,11,2,4,0,0,3.27,3.89,3.4,3.27,3.89,3.4,1.5,2.01,1.5,2.01
E0,04/01/2024,15:00,Bournemouth,Man United,0,1,A,0,0,D,Test Ref,8,6,4,3,14,9,11,10,2,2,0,0,4.02,3.9,4.46,4.02,3.9,4.46,1.85,1.42,1.85,1.42
E0,17/01/2024,15:00,Aston Villa,Leicester,3,2,H,0,1,A,Test Ref,22,7,12,1,17,15,10,5,0,2,1,0,4.14,3.78,2.36,4.14,3.78,2.36,2.19,1.5,2.19,1.5
E0,24/01/2024,15:00,Nott'm Forest,Everton,1,1,D,0,0,D,Test Ref,15,20,8,6,18,14,3,4,0,2,0,0,2.8,4.27,3.04,2.8,4.27,3.04,1.94,1.71,1.94,1.71
E0,05/01/2024,15:00,Tottenham,Newcastle,0,3,A,0,0,D,Test Ref,13,10,6,3,9,13,2,7,1,2,0,0,2.39,3.91,3.25,2.39,3.91,3.25,1.89,2.11,1.89,2.11
E0,05/01/2024,15:00,West Ham,Fulham,2,2,D,1,0,H,Test Ref,8,19,2,9,13,5,7,3,4,4,0,0,4.39,4.26,5.11,4.39,4.26,5.11,2.15,1.52,2.15,1.52
E0,23/01/2024,15:00,Wolves,Arsenal,0,2,A,0,1,A,Test Ref,17,18,9,10,5,14,5,11,1,0,0,0,1.57,4.16,2.87,1.57,4.16,2.87,1.97,2.27,1.97,2.27
E0,10/01/2024,15:00,Chelsea,Southampton,4,0,H,1,0,H,Test Ref,17,21,8,11,16,6,6,7,0,0,0,0,5.43,2.74,4.25,5.43,2.74,4.25,2.04,1.53,2.04,1.53
E0,17/01/2024,15:00,Liverpool,Brighton,1,0,H,0,0,D,Test Ref,19,12,11,4,7,7,2,2,1,1,0,0,3.18,4.24,4.23,3.18,4.24,4.23,1.99,1.53,1.99,1.53
E0,16/02/2024,15:00,Aston Villa,Brentford,2,1,H,0,1,A,Test Ref,5,20,1,5,11,18,7,10,4,2,0,0,3.52,2.53,3.17,3.52,2.53,3.17,2.11,1.42,2.11,1.42
E0,11/02/2024,15:00,Everton,West Ham,0,0,D,0,0,D,Test Ref,21,17,7,6,17,15,7,5,1,4,0,0,4.7,3.72,4.59,4.7,3.72,4.59,1.81,1.81,1.81,1.81
E0,06/02/2024,15:00,Chelsea,Fulham,2,0,H,1,0,H,Test Ref,6,19,1,8,14,9,10,11,4,1,0,1,2.19,3.93,3.06,2.19,3.93,3.06,2.13,1.78,2.13,1.78
E0,17/02/2024,15:00,Leicester,Nott'm Forest,4,2,H,0,0,D,Test Ref,17,15,5,4,17,15,10,9,1,3,0,0,3.88,3.67,1.84,3.88,3.67,1.84,1.89,1.9,1.89,1.9
E0,03/02/2024,15:00,Liverpool,Man United,1,0,H,1,0,H,Test Ref,18,17,8,9,9,19,11,8,3,3,0,0,1.92,2.93,3.43,1.92,2.93,3.43,1.69,1.86,1.69,1.86
E0,16/02/2024,15:00,Newcastle,Tottenham,4,0,H,1,0,H,Test Ref,17,10,4,4,17,10,2,7,2,3,0,0,5.05,3.85,1.23,5.05,3.85,1.23,1.91,2.03,1.91,2.03
E0,11/02/2024,15:00,Bournemouth,Arsenal,1,0,H,0,0,D,Test Ref,20,7,4,1,5,8,9,3,2,1,0,0,5.35,3.67,3.99,5.35,3.67,3.99,2.49,2.23,2.49,2.23
E0,12/02/2024,15:00,Ipswich,Brighton,1,1,D,1,0,H,Test Ref,9,9,5,5,5,14,5,7,3,0,0,0,5.2,3.22,5.35,5.2,3.22,5.35,1.52,2.42,1.52,2.42
E0,13/02/2024,15:00,Man City,Wolves,3,0,H,0,0,D,Test Ref,19,12,9,4,8,6,2,3,0,2,0,0,5.05,4.42,3.77,5.05,4.42,3.77,1.94,1.84,1.94,1.84
E0,14/02/2024,15:00,Southampton,Crystal Palace,3,1,H,1,0,H,Test Ref,21,24,11,13,15,9,8,9,0,2,0,0,4.52,3.71,4.17,4.52,3.71,4.17,2.43,2.25,2.43,2.25
E0,24/03/2024,15:00,Nott'm Forest,Everton,1,1,D,1,0,H,Test Ref,16,12,4,5,11,16,9,11,0,3,0,0,2.21,4.12,1.91,2.21,4.12,1.91,1.78,2.35,1.78,2.35
E0,17/03/2024,15:00,Brighton,Tottenham,0,1,A,0,1,A,Test Ref,18,7,3,1,5,11,8,2,1,0,0,0,2.95,2.88,2.87,2.95,2.88,2.87,2.0,2.49,2.0,2.49
E0,28/03/2024,15:00,Chelsea,Fulham,2,3,A,0,0,D,Test Ref,20,13,7,5,13,7,4,8,1,3,0,0,5.54,4.28,5.13,5.54,4.28,5.13,1.96,2.21,1.96,2.21
E0,09/03/2024,15:00,Brentford,West Ham,2,1,H,1,1,D,Test Ref,7,7,1,3,12,11,7,7,0,2,0,0,2.82,3.96,3.95,2.82,3.96,3.95,1.77,2.49,1.77,2.49
E0,25/03/2024,15:00,Newcastle,Aston Villa,1,1,D,1,0,H,Test Ref,24,17,7,5,12,14,2,2,1,2,1,0,2.2,2.98,5.56,2.2,2.98,5.56,1.91,1.91,1.91,1.91
E0,15/03/2024,15:00,Leicester,Bournemouth,3,2,H,1,1,D,Test Ref,20,21,8,9,14,16,10,5,4,3,0,0,5.66,4.49,5.02,5.66,4.49,5.02,2.23,1.64,2.23,1.64
E0,27/03/2024,15:00,Man City,Man United,3,3,D,0,1,A,Test Ref,5,12,2,4,9,17,3,7,2,0,0,0,2.6,3.16,2.61,2.6,3.16,2.61,1.45,2.1,1.45,2.1
E0,12/03/2024,15:00,Ipswich,Arsenal,2,4,A,0,1,A,Test Ref,21,13,7,4,16,7,4,11,2,3,0,0,5.21,4.37,2.09,5.21,4.37,2.09,1.81,2.42,1.81,2.42
E0,12/03/2024,15:00,Southampton,Liverpool,0,0,D,0,0,D,Test Ref,17,6,4,1,13,14,7,11,3,1,0,0,1.75,4.38,4.96,1.75,4.38,4.96,1.91,2.35,1.91,2.35
E0,12/03/2024,15:00,Crystal Palace,Wolves,1,3,A,1,0,H,Test Ref,7,24,3,5,10,17,2,5,1,1,0,0,4.23,3.67,3.07,4.23,3.67,3.07,1.79,1.45,1.79,1.45
E0,12/04/2024,15:00,Nott'm Forest,Leicester,2,1,H,0,1,A,Test Ref,23,15,9,3,19,17,11,9,4,3,0,0,5.85,3.36,2.87,5.85,3.36,2.87,1.46,1.46,1.46,1.46
E0,26/04/2024,15:00,Man United,Liverpool,1,2,A,1,2,A,Test Ref,21,21,8,5,18,17,7,2,2,4,0,0,4.95,3.05,2.18,4.95,3.05,2.18,1.42,2.15,1.42,2.15
E0,17/04/2024,15:00,Brighton,Man City,2,1,H,0,1,A,Test Ref,18,18,4,6,19,15,8,4,3,2,0,0,3.84,3.31,5.2,3.84,3.31,5.2,2.3,2.07,2.3,2.07
E0,10/04/2024,15:00,Arsenal,West Ham,4,1,H,0,0,D,Test Ref,12,20,6,4,19,7,11,3,2,0,0,0,1.44,3.43,3.02,1.44,3.43,3.02,1.75,1.71,1.75,1.71
E0,04/04/2024,15:00,Fulham,Ipswich,1,1,D,0,1,A,Test Ref,18,16,6,9,19,12,11,3,1,0,0,0,2.76,2.58,2.51,2.76,2.58,2.51,1.41,2.48,1.41,2.48
E0,25/04/2024,15:00,Aston Villa,Wolves,1,0,H,1,0,H,Test Ref,20,15,7,7,18,5,10,8,1,0,0,0,1.52,4.27,3.22,1.52,4.27,3.22,1.95,2.41,1.95,2.41
E0,27/04/2024,15:00,Southampton,Crystal Palace,0,0,D,0,0,D,Test Ref,13,18,3,6,15,15,11,4,4,4,0,0,2.47,3.06,2.53,2.47,3.06,2.53,1.44,2.42,1.44,2.42
E0,13/04/2024,15:00,Everton,Chelsea,0,1,A,0,1,A,Test Ref,16,15,5,3,10,6,5,8,1,2,0,0,4.81,2.76,3.66,4.81,2.76,3.66,1.61,1.5,1.61,1.5
E0,27/04/2024,15:00,Bournemouth,Tottenham,2,0,H,2,0,H,Test Ref,19,16,5,4,17,8,11,8,3,4,0,0,3.09,3.56,1.97,3.09,3.56,1.97,2.03,2.29,2.03,2.29
E0,18/04/2024,15:00,Brentford,Newcastle,3,1,H,0,1,A,Test Ref,23,6,6,2,8,8,5,7,3,0,0,0,2.35,3.84,5.17,2.35,3.84,5.17,2.14,2.31,2.14,2.31
E0,12/05/2024,15:00,Chelsea,Tottenham,3,1,H,1,1,D,Test Ref,15,5,3,1,19,6,8,11,3,0,0,0,2.61,2.92,4.87,2.61,2.92,4.87,1.68,2.35,1.68,2.35
E0,05/05/2024,15:00,Everton,Arsenal,0,0,D,0,0,D,Test Ref,7,14,3,8,16,10,2,3,3,3,0,0,4.52,2.97,4.2,4.52,2.97,4.2,2.22,1.64,2.22,1.64
E0,15/05/2024,15:00,West Ham,Man United,1,0,H,1,0,H,Test Ref,6,16,1,6,13,6,10,11,3,3,0,0,4.68,3.49,4.24,4.68,3.49,4.24,2.29,1.84,2.29,1.84
E0,19/05/2024,15:00,Bournemouth,Southampton,3,0,H,0,0,D,Test Ref,16,10,7,3,13,5,5,9,4,3,0,0,2.42,4.01,1.59,2.42,4.01,1.59,2.42,1.76,2.42,1.76
E0,08/05/2024,15:00,Crystal Palace,Newcastle,1,1,D,1,0,H,Test Ref,19,16,10,6,17,15,3,6,3,2,0,0,1.27,3.15,3.86,1.27,3.15,3.86,1.56,1.5,1.56,1.5
E0,01/05/2024,15:00,Fulham,Ipswich,5,2,H,0,0,D,Test Ref,16,15,8,8,7,8,7,11,2,0,0,0,2.73,3.48,5.33,2.73,3.48,5.33,2.05,2.16,2.05,2.16
E0,24/05/2024,15:00,Nott'm Forest,Aston Villa,1,2,A,1,1,D,Test Ref,17,17,3,5,17,10,5,6,2,2,0,0,3.71,3.06,2.63,3.71,3.06,2.63,1.71,2.25,1.71,2.25
E0,25/05/2024,15:00,Liverpool,Man City,0,0,D,0,0,D,Test Ref,14,15,3,5,10,5,7,5,1,3,0,0,4.0,3.96,2.95,4.0,3.96,2.95,2.11,1.91,2.11,1.91
E0,13/05/2024,15:00,Brentford,Wolves,2,4,A,1,3,A,Test Ref,15,13,4,3,13,10,10,11,4,2,0,0,1.49,3.5,1.71,1.49,3.5,1.71,1.53,2.44,1.53,2.44
E0,26/05/2024,15:00,Leicester,Brighton,0,2,A,0,1,A,Test Ref,14,11,6,6,14,13,10,11,4,1,0,0,1.81,3.28,1.98,1.81,3.28,1.98,2.21,1.63,2.21,1.63
E0,23/06/2024,15:00,Brighton,West Ham,1,0,H,0,0,D,Test Ref,8,9,1,5,13,8,11,8,2,1,0,0,4.96,3.05,5.72,4.96,3.05,5.72,1.54,2.36,1.54,2.36
E0,11/06/2024,15:00,Southampton,Liverpool,1,2,A,0,1,A,Test Ref,14,5,3,2,10,9,8,10,3,4,0,0,3.31,3.79,3.03,3.31,3.79,3.03,1.46,2.06,1.46,2.06
E0,21/06/2024,15:00,Chelsea,Tottenham,4,1,H,0,0,D,Test Ref,6,16,3,6,9,11,8,10,2,3,0,1,3.5,2.54,5.13,3.5,2.54,5.13,2.31,2.27,2.31,2.27
E0,13/06/2024,15:00,Leicester,Ipswich,1,1,D,0,0,D,Test Ref,23,14,6,4,17,17,7,7,2,2,0,0,1.9,3.51,1.5,1.9,3.51,1.5,1.48,2.03,1.48,2.03
E0,05/06/2024,15:00,Aston Villa,Wolves,1,0,H,0,0,D,Test Ref,21,9,7,2,5,13,9,9,1,3,0,0,4.83,3.86,2.0,4.83,3.86,2.0,1.47,2.16,1.47,2.16
E0,18/06/2024,15:00,Newcastle,Man United,1,1,D,0,0,D,Test Ref,23,19,8,8,18,13,2,5,1,2,0,0,5.82,2.73,3.55,5.82,2.73,3.55,1.59,1.46,1.59,1.46
E0,19/06/2024,15:00,Nott'm Forest,Everton,3,1,H,0,0,D,Test Ref,15,23,8,6,13,5,7,9,2,2,0,0,5.04,3.17,4.71,5.04,3.17,4.71,1.86,2.04,1.86,2.04
E0,13/06/2024,15:00,Bournemouth,Man City,1,0,H,1,0,H,Test Ref,20,20,10,11,11,10,9,8,4,1,0,0,2.2,3.21,4.41,2.2,3.21,4.41,1.93,1.86,1.93,1.86
E0,09/06/2024,15:00,Fulham,Crystal Palace,2,1,H,1,1,D,Test Ref,14,11,7,4,9,17,7,10,0,4,0,0,3.54,2.77,2.45,3.54,2.77,2.45,1.86,2.06,1.86,2.06
E0,28/06/2024,15:00,Arsenal,Brentford,0,0,D,0,0,D,Test Ref,10,17,3,4,9,7,4,8,0,2,0,0,3.16,3.54,5.5,3.16,3.54,5.5,1.62,1.42,1.62,1.42
E0,15/07/2024,15:00,Brighton,Brentford,1,1,D,1,0,H,Test Ref,14,14,5,3,17,13,9,5,3,0,0,0,2.48,3.17,3.88,2.48,3.17,3.88,2.18,2.13,2.18,2.13
E0,26/07/2024,15:00,Wolves,Man United,5,1,H,0,1,A,Test Ref,7,9,1,4,14,16,9,6,0,3,0,0,5.67,3.74,5.06,5.67,3.74,5.06,1.49,1.82,1.49,1.82
E0,23/07/2024,15:00,Everton,Ipswich,4,0,H,2,0,H,Test Ref,10,7,3,2,9,7,7,5,2,3,0,0,4.96,4.32,2.98,4.96,4.32,2.98,2.23,2.39,2.23,2.39
E0,02/07/2024,15:00,Southampton,Arsenal,0,2,A,0,1,A,Test Ref,20,24,7,10,6,8,8,11,0,1,0,0,2.79,3.5,4.3,2.79,3.5,4.3,1.96,1.53,1.96,1.53
E0,27/07/2024,15:00,Liverpool,Tottenham,0,0,D,0,0,D,Test Ref,20,11,10,5,15,11,5,7,0,4,0,0,4.45,3.0,5.39,4.45,3.0,5.39,1.59,1.46,1.59,1.46
E0,22/07/2024,15:00,Chelsea,Fulham,1,0,H,0,0,D,Test Ref,8,9,3,3,7,8,4,6,2,3,0,0,5.63,2.78,2.66,5.63,2.78,2.66,1.55,2.07,1.55,2.07
E0,20/07/2024,15:00,Newcastle,Crystal Palace,1,3,A,0,1,A,Test Ref,12,24,5,14,6,10,10,3,4,4,0,0,3.1,3.45,3.37,3.1,3.45,3.37,2.36,1.98,2.36,1.98
E0,06/07/2024,15:00,Bournemouth,Man City,2,2,D,1,1,D,Test Ref,6,10,1,5,7,13,6,5,4,0,0,0,1.2,4.33,5.25,1.2,4.33,5.25,2.22,1.58,2.22,1.58
E0,23/07/2024,15:00,West Ham,Nott'm Forest,3,1,H,0,0,D,Test Ref,5,14,1,2,11,6,7,3,1,0,0,0,2.84,3.39,4.44,2.84,3.39,4.44,1.96,2.35,1.96,2.35
E0,17/07/2024,15:00,Aston Villa,Leicester,1,1,D,1,1,D,Test Ref,5,8,2,4,18,13,6,11,2,3,0,0,1.29,4.31,1.53,1.29,4.31,1.53,2.49,2.45,2.49,2.45
E0,07/08/2024,15:00,Nott'm Forest,Wolves,4,0,H,0,0,D,Test Ref,10,9,2,3,16,15,6,6,4,1,0,0,5.69,4.32,5.13,5.69,4.32,5.13,2.38,1.62,2.38,1.62
E0,27/08/2024,15:00,Brighton,Liverpool,4,2,H,0,1,A,Test Ref,13,24,6,5,7,6,11,7,4,0,1,0,5.79,4.41,2.89,5.79,4.41,2.89,1.45,1.6,1.45,1.6
E0,07/08/2024,15:00,Everton,Southampton,1,1,D,1,1,D,Test Ref,19,7,5,1,11,11,10,10,2,1,0,0,1.53,3.17,2.71,1.53,3.17,2.71,2.1,1.79,2.1,1.79
E0,13/08/2024,15:00,Chelsea,West Ham,3,2,H,2,0,H,Test Ref,21,18,8,7,11,17,5,3,0,3,1,0,2.72,2.61,4.13,2.72,2.61,4.13,1.66,1.83,1.66,1.83
E0,09/08/2024,15:00,Arsenal,Aston Villa,1,1,D,1,0,H,Test Ref,13,8,7,2,15,9,9,11,4,1,0,0,3.77,2.89,2.0,3.77,2.89,2.0,2.41,1.76,2.41,1.76
E0,12/08/2024,15:00,Ipswich,Fulham,1,0,H,1,0,H,Test Ref,17,19,6,5,14,8,8,4,1,0,0,0,4.2,4.16,2.11,4.2,4.16,2.11,2.41,2.01,2.41,2.01
E0,04/08/2024,15:00,Tottenham,Man City,2,2,D,2,2,D,Test Ref,21,14,4,4,16,10,9,8,3,0,0,0,4.06,3.47,1.33,4.06,3.47,1.33,1.82,1.52,1.82,1.52
E0,02/08/2024,15:00,Man United,Brentford,3,3,D,0,0,D,Test Ref,20,8,4,1,5,18,8,8,3,1,0,0,4.08,3.96,4.89,4.08,3.96,4.89,2.47,2.03,2.47,2.03
E0,21/08/2024,15:00,Leicester,Bournemouth,3,0,H,2,0,H,Test Ref,20,23,6,12,15,9,6,8,2,2,0,0,3.77,3.77,2.14,3.77,3.77,2.14,1.63,1.45,1.63,1.45
E0,02/08/2024,15:00,Crystal Palace,Newcastle,4,0,H,1,0,H,Test Ref,6,13,3,3,5,16,4,4,3,1,0,0,4.16,4.44,4.69,4.16,4.44,4.69,2.41,2.24,2.41,2.24
E0,24/09/2024,15:00,Bournemouth,Wolves,3,0,H,1,0,H,Test Ref,10,10,2,3,18,14,11,8,0,2,0,0,1.61,4.44,3.69,1.61,4.44,3.69,2.08,1.66,2.08,1.66
E0,24/09/2024,15:00,Arsenal,Crystal Palace,3,1,H,0,1,A,Test Ref,14,15,7,5,17,19,9,8,0,4,0,0,3.09,3.73,5.33,3.09,3.73,5.33,1.78,2.12,1.78,2.12
E0,03/09/2024,15:00,Newcastle,Nott'm Forest,2,3,A,1,0,H,Test Ref,14,23,6,7,15,10,11,8,0,3,0,0,3.53,4.33,4.13,3.53,4.33,4.13,2.0,1.67,2.0,1.67
E0,07/09/2024,15:00,Man United,Man City,3,0,H,1,0,H,Test Ref,9,11,5,4,18,16,8,9,0,4,0,0,4.65,3.04,2.72,4.65,3.04,2.72,2.33,1.92,2.33,1.92
E0,01/09/2024,15:00,Southampton,Brentford,2,0,H,1,0,H,Test Ref,9,20,2,7,17,11,8,9,2,4,0,0,5.08,3.14,1.24,5.08,3.14,1.24,1.82,1.73,1.82,1.73
E0,04/09/2024,15:00,Brighton,Tottenham,0,2,A,0,2,A,Test Ref,18,15,10,4,12,13,2,8,4,2,0,0,4.75,2.63,3.06,4.75,2.63,3.06,1.71,1.73,1.71,1.73
E0,07/09/2024,15:00,Ipswich,West Ham,1,1,D,0,1,A,Test Ref,22,15,12,4,13,18,8,3,3,4,0,0,4.76,2.96,1.48,4.76,2.96,1.48,1.73,1.92,1.73,1.92
E0,12/09/2024,15:00,Aston Villa,Fulham,1,3,A,0,0,D,Test Ref,8,21,2,9,5,12,8,3,2,2,0,0,4.64,3.66,5.03,4.64,3.66,5.03,2.35,1.9,2.35,1.9
E0,12/09/2024,15:00,Liverpool,Leicester,3,2,H,0,2,A,Test Ref,24,19,12,6,6,9,6,2,4,2,0,0,1.82,3.1,4.94,1.82,3.1,4.94,1.92,1.65,1.92,1.65
E0,25/09/2024,15:00,Everton,Chelsea,0,1,A,0,0,D,Test Ref,13,17,2,6,15,16,11,7,2,4,0,0,2.55,2.87,1.39,2.55,2.87,1.39,1.42,2.25,1.42,2.25
E0,02/10/2024,15:00,Tottenham,Fulham,2,3,A,0,1,A,Test Ref,22,19,6,5,17,7,2,2,1,4,0,0,4.7,3.22,1.51,4.7,3.22,1.51,1.48,1.53,1.48,1.53
E0,12/10/2024,15:00,Brighton,Nott'm Forest,3,2,H,2,0,H,Test Ref,14,24,7,5,7,5,3,5,4,1,0,0,3.76,3.31,2.01,3.76,3.31,2.01,2.48,2.34,2.48,2.34
E0,21/10/2024,15:00,Crystal Palace,Southampton,1,0,H,0,0,D,Test Ref,14,23,6,8,11,5,9,4,0,3,0,1,2.81,3.53,5.02,2.81,3.53,5.02,1.77,2.18,1.77,2.18
E0,09/10/2024,15:00,Man City,Man United,1,0,H,0,0,D,Test Ref,22,20,12,8,5,17,3,8,1,3,0,0,4.37,3.28,1.83,4.37,3.28,1.83,1.69,2.04,1.69,2.04
E0,02/10/2024,15:00,Ipswich,Liverpool,3,1,H,1,0,H,Test Ref,15,18,7,5,11,8,5,7,0,0,0,1,5.75,3.92,1.23,5.75,3.92,1.23,2.24,1.97,2.24,1.97
E0,04/10/2024,15:00,West Ham,Arsenal,3,2,H,0,1,A,Test Ref,10,17,4,4,9,6,7,3,2,2,0,0,1.55,2.9,2.87,1.55,2.9,2.87,2.08,2.0,2.08,2.0
E0,17/10/2024,15:00,Aston Villa,Brentford,0,1,A,0,0,D,Test Ref,10,8,5,2,9,12,5,10,2,3,0,0,4.78,2.53,4.29,4.78,2.53,4.29,1.6,1.66,1.6,1.66
E0,11/10/2024,15:00,Bournemouth,Newcastle,1,1,D,1,1,D,Test Ref,16,9,7,5,9,17,10,10,3,4,0,0,4.81,3.64,2.52,4.81,3.64,2.52,1.92,1.77,1.92,1.77
E0,22/10/2024,15:00,Leicester,Chelsea,1,2,A,0,0,D,Test Ref,17,6,9,1,6,6,5,10,0,3,0,0,5.36,3.92,1.71,5.36,3.92,1.71,2.25,2.29,2.25,2.29
E0,24/10/2024,15:00,Everton,Wolves,2,2,D,1,1,D,Test Ref,9,23,2,9,11,5,11,3,2,1,0,0,3.44,2.71,4.32,3.44,2.71,4.32,2.35,2.31,2.35,2.31
E0,09/11/2024,15:00,Brentford,Everton,2,1,H,2,1,H,Test Ref,15,19,6,8,19,16,4,4,0,0,0,0,2.22,2.69,1.51,2.22,2.69,1.51,2.05,2.31,2.05,2.31
E0,23/11/2024,15:00,Fulham,Southampton,1,2,A,1,1,D,Test Ref,14,9,4,4,19,16,11,7,1,4,0,0,1.39,3.7,5.37,1.39,3.7,5.37,2.38,1.89,2.38,1.89
E0,22/11/2024,15:00,Liverpool,Man United,3,1,H,1,0,H,Test Ref,11,10,2,5,8,12,6,9,1,1,0,0,1.64,4.01,4.0,1.64,4.01,4.0,1.61,1.61,1.61,1.61
E0,09/11/2024,15:00,Tottenham,Arsenal,2,0,H,1,0,H,Test Ref,5,13,1,7,5,15,11,4,3,3,0,0,5.49,3.88,2.56,5.49,3.88,2.56,2.16,1.74,2.16,1.74
E0,13/11/2024,15:00,Bournemouth,Wolves,3,0,H,2,0,H,Test Ref,16,9,6,5,5,5,5,2,2,0,1,0,2.21,4.08,4.92,2.21,4.08,4.92,1.64,2.08,1.64,2.08
E0,07/11/2024,15:00,Aston Villa,West Ham,1,0,H,1,0,H,Test Ref,21,23,6,6,15,5,10,3,1,2,0,0,1.99,2.5,5.92,1.99,2.5,5.92,2.4,1.46,2.4,1.46
E0,04/11/2024,15:00,Nott'm Forest,Chelsea,2,1,H,2,1,H,Test Ref,8,17,2,4,13,11,7,5,0,1,0,0,3.23,3.4,4.72,3.23,3.4,4.72,2.32,2.0,2.32,2.0
E0,16/11/2024,15:00,Leicester,Brighton,3,2,H,1,0,H,Test Ref,21,20,8,5,6,8,2,6,2,0,0,0,2.37,4.1,1.71,2.37,4.1,1.71,2.26,2.4,2.26,2.4
E0,04/11/2024,15:00,Newcastle,Ipswich,1,0,H,0,0,D,Test Ref,14,15,3,8,5,8,10,2,3,1,0,0,4.24,3.94,2.43,4.24,3.94,2.43,2.19,1.43,2.19,1.43
E0,13/11/2024,15:00,Crystal Palace,Man City,1,1,D,1,1,D,Test Ref,17,14,9,4,13,10,11,10,4,3,0,0,2.34,2.67,4.9,2.34,2.67,4.9,2.09,2.49,2.09,2.49
E0,25/12/2024,15:00,Brentford,Brighton,0,2,A,0,0,D,Test Ref,16,19,9,7,14,16,6,11,1,2,0,0,3.6,2.76,3.99,3.6,2.76,3.99,1.73,1.44,1.73,1.44
E0,26/12/2024,15:00,Tottenham,Crystal Palace,3,2,H,1,0,H,Test Ref,12,24,2,13,6,13,3,9,0,2,0,0,3.15,4.02,1.89,3.15,4.02,1.89,1.41,1.42,1.41,1.42
E0,26/12/2024,15:00,Nott'm Forest,Chelsea,2,2,D,1,1,D,Test Ref,16,12,4,5,14,9,6,2,4,3,0,0,3.54,2.91,4.21,3.54,2.91,4.21,1.79,2.5,1.79,2.5
E0,21/12/2024,15:00,Everton,Newcastle,1,0,H,1,0,H,Test Ref,14,21,5,6,10,10,7,7,1,3,0,0,1.82,3.25,1.68,1.82,3.25,1.68,2.09,1.89,2.09,1.89
E0,09/12/2024,15:00,Leicester,Wolves,1,4,A,0,0,D,Test Ref,10,20,4,9,13,8,3,8,3,4,0,0,3.5,4.45,1.22,3.5,4.45,1.22,1.85,1.51,1.85,1.51
E0,18/12/2024,15:00,West Ham,Southampton,1,2,A,1,0,H,Test Ref,19,14,10,4,6,12,2,4,1,2,0,0,4.32,3.98,1.35,4.32,3.98,1.35,1.53,2.1,1.53,2.1
E0,19/12/2024,15:00,Man City,Liverpool,3,2,H,1,1,D,Test Ref,24,7,12,3,11,18,9,7,4,0,0,0,3.92,3.25,5.83,3.92,3.25,5.83,1.7,1.84,1.7,1.84
E0,19/12/2024,15:00,Aston Villa,Man United,1,0,H,0,0,D,Test Ref,11,9,5,1,19,17,6,5,3,1,0,0,2.21,3.15,5.13,2.21,3.15,5.13,1.99,2.35,1.99,2.35
E0,18/12/2024,15:00,Bournemouth,Arsenal,1,2,A,1,2,A,Test Ref,12,5,3,2,16,17,3,5,4,1,0,0,1.64,3.03,5.4,1.64,3.03,5.4,1.54,2.19,1.54,2.19
E0,21/12/2024,15:00,Ipswich,Fulham,1,1,D,1,1,D,Test Ref,11,8,4,2,6,17,4,11,4,0,0,0,3.48,3.22,2.92,3.48,3.22,2.92,1.98,2.04,1.98,2.04
E0,06/01/2024,15:00,Brighton,West Ham,1,0,H,1,0,H,Test Ref,21,20,9,11,5,9,9,4,1,2,0,0,2.37,3.42,4.85,2.37,3.42,4.85,1.63,2.18,1.63,2.18
E0,26/01/2024,15:00,Liverpool,Brentford,2,1,H,1,1,D,Test Ref,11,18,5,6,18,12,11,2,3,1,0,0,5.89,3.25,5.63,5.89,3.25,5.63,2.0,1.7,2.0,1.7
E0,06/01/2024,15:00,Newcastle,Ipswich,2,2,D,0,0,D,Test Ref,15,21,7,8,16,19,8,4,2,4,0,0,2.14,3.13,4.18,2.14,3.13,4.18,2.1,2.17,2.1,2.17
E0,18/01/2024,15:00,Southampton,Bournemouth,3,0,H,2,0,H,Test Ref,14,7,8,1,11,18,4,6,3,2,1,0,4.67,2.77,5.21,4.67,2.77,5.21,1.57,1.73,1.57,1.73
E0,12/01/2024,15:00,Leicester,Chelsea,2,1,H,1,0,H,Test Ref,12,23,3,7,10,18,3,7,2,3,0,0,2.73,3.69,2.21,2.73,3.69,2.21,1.53,2.47,1.53,2.47
E0,20/01/2024,15:00,Nott'm Forest,Fulham,1,1,D,0,0,D,Test Ref,10,6,5,1,12,5,7,7,1,3,0,0,4.13,2.5,5.49,4.13,2.5,5.49,1.97,1.69,1.97,1.69
E0,06/01/2024,15:00,Aston Villa,Everton,2,1,H,1,0,H,Test Ref,8,9,1,2,19,19,9,8,1,0,0,0,3.15,4.12,3.02,3.15,4.12,3.02,1.45,1.59,1.45,1.59
E0,23/01/2024,15:00,Wolves,Arsenal,3,2,H,0,1,A,Test Ref,15,12,8,6,14,7,8,3,1,0,0,0,2.0,4.09,4.66,2.0,4.09,4.66,1.49,1.91,1.49,1.91
E0,15/01/2024,15:00,Man United,Tottenham,1,0,H,0,0,D,Test Ref,19,18,5,4,9,13,7,4,1,2,0,0,5.35,3.18,5.52,5.35,3.18,5.52,2.43,2.14,2.43,2.14
E0,22/01/2024,15:00,Man City,Crystal Palace,0,1,A,0,0,D,Test Ref,19,10,5,5,15,8,4,2,0,4,0,0,1.61,3.11,4.77,1.61,3.11,4.77,2.46,2.19,2.46,2.19
E0,07/02/2024,15:00,Liverpool,Brentford,3,1,H,0,0,D,Test Ref,17,9,3,4,8,13,10,2,1,0,0,0,3.44,2.61,1.38,3.44,2.61,1.38,2.19,1.99,2.19,1.99
E0,16/02/2024,15:00,Newcastle,Fulham,1,0,H,0,0,D,Test Ref,7,17,3,7,8,11,8,5,4,2,0,0,6.0,2.85,1.25,6.0,2.85,1.25,1.56,2.25,1.56,2.25
E0,25/02/2024,15:00,Brighton,Ipswich,3,0,H,2,0,H,Test Ref,19,12,7,6,11,12,6,10,2,0,1,0,5.17,4.44,5.47,5.17,4.44,5.47,2.06,1.98,2.06,1.98
E0,06/02/2024,15:00,Man City,Arsenal,3,1,H,1,1,D,Test Ref,5,18,1,6,16,14,9,8,4,0,0,0,4.0,4.42,4.37,4.0,4.42,4.37,1.97,1.43,1.97,1.43
E0,26/02/2024,15:00,West Ham,Crystal Palace,2,1,H,0,0,D,Test Ref,14,20,4,11,14,16,3,7,2,3,0,0,3.29,2.81,5.75,3.29,2.81,5.75,2.24,1.7,2.24,1.7
E0,22/02/2024,15:00,Nott'm Forest,Leicester,0,1,A,0,1,A,Test Ref,13,20,6,9,7,18,9,5,4,1,0,0,3.27,3.08,4.1,3.27,3.08,4.1,1.45,1.5,1.45,1.5
E0,15/02/2024,15:00,Chelsea,Southampton,2,1,H,0,0,D,Test Ref,16,16,8,9,6,17,4,5,3,2,0,0,4.88,3.82,5.15,4.88,3.82,5.15,2.11,2.47,2.11,2.47
E0,10/02/2024,15:00,Aston Villa,Everton,2,1,H,1,1,D,Test Ref,10,20,3,11,5,16,8,2,4,1,0,0,3.07,3.39,5.48,3.07,3.39,5.48,1.85,1.56,1.85,1.56
E0,02/02/2024,15:00,Man United,Bournemouth,1,0,H,1,0,H,Test Ref,8,8,3,2,9,11,4,11,0,3,1,0,5.3,3.76,4.79,5.3,3.76,4.79,1.63,1.99,1.63,1.99
E0,17/02/2024,15:00,Tottenham,Wolves,1,1,D,0,1,A,Test Ref,23,11,7,5,18,15,3,10,4,1,0,0,4.41,4.28,3.41,4.41,4.28,3.41,2.07,1.61,2.07,1.61
E0,14/03/2024,15:00,West Ham,Liverpool,0,0,D,0,0,D,Test Ref,21,6,9,1,8,9,5,7,4,4,0,0,3.84,3.4,2.01,3.84,3.4,2.01,2.1,2.47,2.1,2.47
E0,20/03/2024,15:00,Man United,Man City,2,4,A,1,0,H,Test Ref,5,9,1,4,19,7,9,4,0,2,0,0,2.41,4.34,3.99,2.41,4.34,3.99,1.99,2.06,1.99,2.06
E0,26/03/2024,15:00,Tottenham,Brentford,0,1,A,0,1,A,Test Ref,17,9,3,2,12,13,7,10,4,1,0,0,3.72,3.8,4.94,3.72,3.8,4.94,2.24,2.47,2.24,2.47
E0,24/03/2024,15:00,Everton,Wolves,3,1,H,1,1,D,Test Ref,13,14,4,7,7,12,4,7,2,4,0,0,4.49,4.22,1.63,4.49,4.22,1.63,2.35,1.75,2.35,1.75
E0,13/03/2024,15:00,Leicester,Nott'm Forest,2,0,H,0,0,D,Test Ref,5,23,1,11,12,8,8,6,3,3,0,0,2.86,4.12,2.38,2.86,4.12,2.38,1.47,1.54,1.47,1.54
E0,02/03/2024,15:00,Ipswich,Aston Villa,3,0,H,2,0,H,Test Ref,21,11,6,5,14,15,4,5,1,3,0,0,3.9,3.98,4.38,3.9,3.98,4.38,1.79,2.29,1.79,2.29
E0,15/03/2024,15:00,Chelsea,Bournemouth,1,0,H,0,0,D,Test Ref,18,21,9,6,16,12,4,5,4,3,0,0,2.25,2.76,1.26,2.25,2.76,1.26,1.57,2.18,1.57,2.18
E0,28/03/2024,15:00,Southampton,Newcastle,1,1,D,1,1,D,Test Ref,12,5,6,1,14,12,3,10,3,4,0,0,1.22,2.98,5.7,1.22,2.98,5.7,1.59,1.52,1.59,1.52
E0,16/03/2024,15:00,Arsenal,Fulham,4,3,H,1,0,H,Test Ref,16,13,4,7,5,7,10,2,3,4,0,0,5.55,4.45,2.31,5.55,4.45,2.31,2.37,1.76,2.37,1.76
E0,20/03/2024,15:00,Crystal Palace,Brighton,2,2,D,0,0,D,Test Ref,14,14,3,5,19,8,6,2,3,4,0,0,5.72,4.22,3.91,5.72,4.22,3.91,1.85,1.77,1.85,1.77
E0,22/04/2024,15:00,Fulham,West Ham,1,2,A,0,0,D,Test Ref,9,10,1,2,6,9,5,10,0,3,0,0,4.07,4.12,5.04,4.07,4.12,5.04,2.43,2.25,2.43,2.25
E0,26/04/2024,15:00,Everton,Brentford,0,1,A,0,1,A,Test Ref,20,22,4,8,18,9,9,11,1,2,0,0,1.97,4.44,5.59,1.97,4.44,5.59,1.58,1.53,1.58,1.53
E0,28/04/2024,15:00,Bournemouth,Chelsea,1,1,D,1,1,D,Test Ref,11,21,5,9,12,15,7,10,1,0,0,0,3.76,3.11,3.09,3.76,3.11,3.09,1.6,2.04,1.6,2.04
E0,02/04/2024,15:00,Southampton,Aston Villa,1,1,D,0,0,D,Test Ref,20,6,5,2,13,5,11,6,0,1,0,0,5.73,4.36,2.19,5.73,4.36,2.19,1.79,1.56,1.79,1.56
E0,15/04/2024,15:00,Ipswich,Man United,2,2,D,0,0,D,Test Ref,22,23,11,10,16,19,4,4,0,3,0,0,3.52,3.33,5.89,3.52,3.33,5.89,1.62,1.64,1.62,1.64
E0,26/04/2024,15:00,Leicester,Crystal Palace,2,1,H,2,1,H,Test Ref,13,8,5,3,14,17,11,7,3,1,0,0,3.48,3.13,4.88,3.48,3.13,4.88,1.95,1.74,1.95,1.74
E0,27/04/2024,15:00,Liverpool,Tottenham,2,0,H,0,0,D,Test Ref,19,20,9,5,7,17,9,5,3,3,0,0,4.45,3.91,5.79,4.45,3.91,5.79,1.98,1.84,1.98,1.84
E0,08/04/2024,15:00,Newcastle,Nott'm Forest,4,2,H,0,1,A,Test Ref,16,15,4,5,12,13,5,7,2,1,0,0,2.89,3.15,3.47,2.89,3.15,3.47,2.37,1.44,2.37,1.44
E0,23/04/2024,15:00,Brighton,Wolves,0,0,D,0,0,D,Test Ref,10,18,5,6,14,5,3,4,0,2,0,0,2.97,3.88,3.06,2.97,3.88,3.06,1.78,2.32,1.78,2.32
E0,04/04/2024,15:00,Man City,Arsenal,1,0,H,1,0,H,Test Ref,20,13,11,2,10,8,5,2,0,1,0,0,4.1,3.49,1.39,4.1,3.49,1.39,2.48,1.82,2.48,1.82
E0,24/05/2024,15:00,Tottenham,Bournemouth,1,2,A,0,0,D,Test Ref,12,9,4,5,10,18,8,10,1,0,0,0,3.14,3.42,1.27,3.14,3.42,1.27,1.71,1.88,1.71,1.88
E0,28/05/2024,15:00,Newcastle,Chelsea,1,1,D,1,0,H,Test Ref,18,14,9,3,14,5,2,2,3,4,0,0,1.29,3.81,4.17,1.29,3.81,4.17,1.74,1.49,1.74,1.49
E0,03/05/2024,15:00,Everton,Arsenal,2,0,H,0,0,D,Test Ref,22,19,6,10,18,16,9,6,1,3,0,0,4.39,3.56,5.85,4.39,3.56,5.85,2.2,1.63,2.2,1.63
E0,13/05/2024,15:00,Nott'm Forest,Crystal Palace,1,3,A,1,1,D,Test Ref,16,23,5,9,13,18,7,2,1,2,0,0,3.86,3.55,4.87,3.86,3.55,4.87,1.41,2.41,1.41,2.41
E0,26/05/2024,15:00,Brighton,Aston Villa,2,1,H,1,1,D,Test Ref,10,17,2,5,16,19,4,2,4,1,0,0,3.69,3.42,2.71,3.69,3.42,2.71,2.04,2.2,2.04,2.2
E0,06/05/2024,15:00,Leicester,Liverpool,2,2,D,1,2,A,Test Ref,23,17,13,8,17,5,5,11,3,3,0,0,3.53,3.46,3.46,3.53,3.46,3.46,1.59,1.56,1.59,1.56
E0,23/05/2024,15:00,Man City,Wolves,2,1,H,1,0,H,Test Ref,23,19,13,10,11,14,9,11,0,0,0,0,3.31,4.02,3.22,3.31,4.02,3.22,2.44,2.39,2.44,2.39
E0,23/05/2024,15:00,Man United,Southampton,1,0,H,1,0,H,Test Ref,15,17,8,5,8,5,10,11,1,2,1,0,1.42,3.59,2.83,1.42,3.59,2.83,1.92,2.07,1.92,2.07
E0,01/05/2024,15:00,Brentford,Ipswich,0,3,A,0,1,A,Test Ref,11,19,2,9,15,6,10,2,2,1,0,0,5.91,4.47,5.64,5.91,4.47,5.64,2.26,1.76,2.26,1.76
E0,01/05/2024,15:00,Fulham,West Ham,1,1,D,0,0,D,Test Ref,18,19,10,4,14,14,3,8,1,0,0,0,4.84,3.71,3.94,4.84,3.71,3.94,1.46,1.55,1.46,1.55
E0,24/06/2024,15:00,Leicester,Bournemouth,2,3,A,0,1,A,Test Ref,22,7,10,2,9,18,2,3,1,0,0,0,1.52,4.48,1.39,1.52,4.48,1.39,2.12,1.89,2.12,1.89
E0,23/06/2024,15:00,Aston Villa,Brentford,1,1,D,0,1,A,Test Ref,16,18,6,7,17,18,4,6,4,1,0,0,2.14,4.42,1.88,2.14,4.42,1.88,1.96,2.31,1.96,2.31
E0,06/06/2024,15:00,West Ham,Crystal Palace,2,1,H,2,0,H,Test Ref,8,20,3,5,14,5,5,4,4,1,0,0,4.58,3.41,3.79,4.58,3.41,3.79,2.33,1.93,2.33,1.93
E0,16/06/2024,15:00,Ipswich,Man City,0,2,A,0,0,D,Test Ref,14,17,3,3,17,7,4,5,0,2,0,0,5.94,3.62,4.5,5.94,3.62,4.5,1.76,1.5,1.76,1.5
E0,03/06/2024,15:00,Chelsea,Man United,0,1,A,0,0,D,Test Ref,18,19,7,9,15,14,4,2,2,0,0,0,1.92,3.44,3.62,1.92,3.44,3.62,2.04,1.96,2.04,1.96
E0,24/06/2024,15:00,Wolves,Liverpool,1,1,D,0,0,D,Test Ref,23,24,9,7,12,19,2,11,4,3,0,0,3.45,3.24,1.68,3.45,3.24,1.68,1.74,2.13,1.74,2.13
E0,26/06/2024,15:00,Newcastle,Tottenham,1,0,H,0,0,D,Test Ref,23,5,4,2,5,18,11,5,1,2,0,0,5.24,4.02,2.01,5.24,4.02,2.01,2.32,1.61,2.32,1.61
E0,14/06/2024,15:00,Arsenal,Everton,1,3,A,0,0,D,Test Ref,23,18,9,6,17,10,10,2,0,3,0,0,2.8,4.14,1.38,2.8,4.14,1.38,2.36,1.96,2.36,1.96
E0,21/06/2024,15:00,Nott'm Forest,Southampton,2,1,H,0,0,D,Test Ref,21,23,8,8,5,12,2,3,4,2,0,0,5.32,3.89,2.02,5.32,3.89,2.02,1.7,1.63,1.7,1.63
E0,10/06/2024,15:00,Fulham,Brighton,0,1,A,0,1,A,Test Ref,9,10,3,5,10,14,5,8,0,0,0,0,3.57,4.42,4.89,3.57,4.42,4.89,1.94,1.77,1.94,1.77
E0,25/07/2024,15:00,Crystal Palace,Brentford,2,0,H,0,0,D,Test Ref,15,5,8,2,12,14,8,5,4,0,0,0,4.9,3.34,4.79,4.9,3.34,4.79,2.46,1.9,2.46,1.9
E0,14/07/2024,15:00,West Ham,Newcastle,1,2,A,1,1,D,Test Ref,5,17,1,7,9,11,9,4,0,4,0,0,1.46,4.14,1.38,1.46,4.14,1.38,1.8,2.0,1.8,2.0
E0,08/07/2024,15:00,Leicester,Brighton,1,1,D,1,1,D,Test Ref,13,13,3,5,6,17,10,9,2,0,0,0,5.23,3.95,5.49,5.23,3.95,5.49,1.53,2.49,1.53,2.49
E0,27/07/2024,15:00,Chelsea,Aston Villa,0,1,A,0,1,A,Test Ref,22,11,6,4,11,18,7,10,2,4,0,0,3.11,2.99,3.35,3.11,2.99,3.35,1.75,2.22,1.75,2.22
E0,02/07/2024,15:00,Everton,Man United,2,0,H,1,0,H,Test Ref,22,11,9,2,18,7,9,3,4,2,1,0,4.19,2.61,1.31,4.19,2.61,1.31,1.9,1.77,1.9,1.77
E0,16/07/2024,15:00,Man City,Southampton,1,2,A,1,1,D,Test Ref,15,17,7,8,17,19,5,6,4,0,0,1,4.18,4.06,3.6,4.18,4.06,3.6,1.79,1.71,1.79,1.71
E0,10/07/2024,15:00,Tottenham,Nott'm Forest,3,0,H,0,0,D,Test Ref,14,5,8,1,7,7,8,9,3,2,0,0,3.6,3.04,2.01,3.6,3.04,2.01,2.08,2.19,2.08,2.19
E0,22/07/2024,15:00,Wolves,Bournemouth,1,2,A,1,1,D,Test Ref,17,5,4,1,8,11,8,9,3,2,0,0,3.78,4.18,1.36,3.78,4.18,1.36,1.8,1.66,1.8,1.66
E0,06/07/2024,15:00,Fulham,Ipswich,1,0,H,1,0,H,Test Ref,23,5,4,2,10,11,3,9,2,0,0,0,3.73,2.78,1.2,3.73,2.78,1.2,2.29,1.5,2.29,1.5
E0,20/07/2024,15:00,Arsenal,Liverpool,2,1,H,1,1,D,Test Ref,6,24,2,7,13,16,2,5,0,3,0,0,2.39,4.0,2.46,2.39,4.0,2.46,2.37,2.38,2.37,2.38
E0,27/08/2024,15:00,Tottenham,Brentford,2,0,H,0,0,D,Test Ref,23,9,11,5,10,12,11,3,3,0,0,0,2.61,3.3,5.29,2.61,3.3,5.29,1.95,2.15,1.95,2.15
E0,28/08/2024,15:00,Man United,Brighton,1,1,D,1,1,D,Test Ref,16,5,3,1,17,19,10,11,3,4,0,0,5.3,3.01,1.3,5.3,3.01,1.3,1.65,1.46,1.65,1.46
E0,21/08/2024,15:00,Ipswich,Bournemouth,1,1,D,1,0,H,Test Ref,22,21,9,10,7,18,7,6,3,2,0,0,3.08,3.31,1.8,3.08,3.31,1.8,2.29,1.44,2.29,1.44
E0,23/08/2024,15:00,Chelsea,Southampton,0,1,A,0,1,A,Test Ref,17,7,4,3,6,11,4,7,4,3,0,0,2.4,4.17,3.66,2.4,4.17,3.66,1.55,2.03,1.55,2.03
E0,20/08/2024,15:00,Aston Villa,Arsenal,1,0,H,0,0,D,Test Ref,16,10,5,2,8,19,3,3,0,1,0,1,5.71,4.28,3.77,5.71,4.28,3.77,2.0,2.12,2.0,2.12
E0,20/08/2024,15:00,West Ham,Fulham,1,1,D,0,0,D,Test Ref,7,17,3,4,18,5,3,6,0,2,0,0,3.55,4.2,4.59,3.55,4.2,4.59,1.94,1.68,1.94,1.68
E0,20/08/2024,15:00,Liverpool,Leicester,1,2,A,0,0,D,Test Ref,20,19,10,8,11,5,4,2,0,0,0,0,1.75,3.32,4.31,1.75,3.32,4.31,2.18,1.6,2.18,1.6
E0,24/08/2024,15:00,Crystal Palace,Man City,1,1,D,1,0,H,Test Ref,8,9,2,5,11,7,7,2,4,4,0,0,1.43,3.63,4.31,1.43,3.63,4.31,1.63,1.56,1.63,1.56
E0,19/08/2024,15:00,Everton,Wolves,0,3,A,0,1,A,Test Ref,7,10,2,4,18,11,8,11,3,4,0,0,5.51,2.76,1.33,5.51,2.76,1.33,2.16,2.06,2.16,2.06
E0,20/08/2024,15:00,Newcastle,Nott'm Forest,3,2,H,3,0,H,Test Ref,7,12,2,4,12,17,4,7,0,4,0,0,1.76,3.05,2.21,1.76,3.05,2.21,1.9,2.4,1.9,2.4
E0,14/09/2024,15:00,Nott'm Forest,Chelsea,2,1,H,1,1,D,Test Ref,7,24,3,9,9,8,4,3,4,4,0,0,2.9,3.78,2.38,2.9,3.78,2.38,1.52,2.27,1.52,2.27
E0,28/09/2024,15:00,Brighton,Arsenal,1,2,A,1,1,D,Test Ref,5,9,2,1,13,7,9,7,0,0,0,0,5.05,3.3,2.81,5.05,3.3,2.81,1.66,1.93,1.66,1.93
E0,25/09/2024,15:00,Man United,Bournemouth,1,1,D,1,0,H,Test Ref,11,21,5,5,15,6,8,3,0,1,0,0,2.56,3.61,4.71,2.56,3.61,4.71,1.99,2.42,1.99,2.42
E0,12/09/2024,15:00,Man City,Liverpool,1,0,H,0,0,D,Test Ref,5,10,1,5,18,17,7,5,1,2,0,0,3.16,4.0,1.74,3.16,4.0,1.74,1.67,2.29,1.67,2.29
E0,13/09/2024,15:00,Aston Villa,Wolves,1,2,A,1,1,D,Test Ref,20,15,4,5,6,11,5,4,0,3,0,0,5.01,4.48,4.46,5.01,4.48,4.46,2.48,1.43,2.48,1.43
E0,25/09/2024,15:00,Brentford,Newcastle,1,0,H,1,0,H,Test Ref,24,9,7,4,14,17,7,11,1,4,0,0,5.76,2.54,2.66,5.76,2.54,2.66,2.41,1.75,2.41,1.75
E0,28/09/2024,15:00,Crystal Palace,Fulham,1,0,H,1,0,H,Test Ref,6,8,1,3,6,13,6,4,0,0,0,0,1.29,4.11,1.72,1.29,4.11,1.72,2.49,2.08,2.49,2.08
E0,22/09/2024,15:00,Everton,West Ham,2,1,H,0,1,A,Test Ref,19,15,4,8,12,11,9,2,0,4,0,0,1.29,2.77,4.54,1.29,2.77,4.54,1.53,1.65,1.53,1.65
E0,20/09/2024,15:00,Southampton,Leicester,1,0,H,1,0,H,Test Ref,7,5,4,1,18,5,6,11,0,0,0,0,2.04,4.02,1.28,2.04,4.02,1.28,2.01,1.82,2.01,1.82
E0,03/09/2024,15:00,Ipswich,Tottenham,0,5,A,0,0,D,Test Ref,7,14,4,7,19,12,7,5,4,0,0,0,3.33,3.01,5.56,3.33,3.01,5.56,1.51,1.45,1.51,1.45
E0,04/10/2024,15:00,Arsenal,Fulham,0,0,D,0,0,D,Test Ref,11,12,5,2,19,14,11,4,3,3,0,0,1.5,4.13,3.57,1.5,4.13,3.57,1.55,2.37,1.55,2.37
E0,22/10/2024,15:00,Wolves,Newcastle,2,1,H,0,1,A,Test Ref,22,23,11,8,17,16,11,11,4,1,0,0,1.65,3.54,5.21,1.65,3.54,5.21,2.31,2.45,2.31,2.45
E0,27/10/2024,15:00,Brentford,Everton,0,2,A,0,0,D,Test Ref,16,10,9,5,11,14,4,4,2,1,0,0,5.74,4.36,3.03,5.74,4.36,3.03,1.49,1.59,1.49,1.59
E0,11/10/2024,15:00,Crystal Palace,Liverpool,0,0,D,0,0,D,Test Ref,9,23,4,11,12,11,6,5,4,4,0,0,3.42,4.38,3.53,3.42,4.38,3.53,1.91,2.26,1.91,2.26
E0,25/10/2024,15:00,Ipswich,Leicester,0,0,D,0,0,D,Test Ref,5,20,2,4,16,9,8,3,2,3,0,0,2.15,3.13,2.55,2.15,3.13,2.55,1.98,1.46,1.98,1.46
E0,13/10/2024,15:00,Nott'm Forest,Bournemouth,3,2,H,2,0,H,Test Ref,24,19,9,7,15,15,3,11,2,2,0,0,4.38,4.21,2.44,4.38,4.21,2.44,1.94,2.47,1.94,2.47
E0,26/10/2024,15:00,Brighton,Chelsea,1,1,D,1,1,D,Test Ref,20,9,7,5,17,8,11,8,4,4,0,1,3.71,3.19,5.99,3.71,3.19,5.99,2.25,2.24,2.25,2.24
E0,20/10/2024,15:00,Man United,Man City,0,3,A,0,0,D,Test Ref,19,10,4,3,17,5,4,6,4,2,1,0,3.59,3.34,2.12,3.59,3.34,2.12,1.77,2.2,1.77,2.2
E0,23/10/2024,15:00,Aston Villa,West Ham,1,0,H,1,0,H,Test Ref,18,5,7,2,11,19,2,3,0,2,0,0,1.88,3.79,3.03,1.88,3.79,3.03,2.45,1.76,2.45,1.76
E0,05/10/2024,15:00,Tottenham,Southampton,3,1,H,0,1,A,Test Ref,16,22,3,4,10,5,9,11,1,4,0,0,3.55,2.72,3.21,3.55,2.72,3.21,1.75,1.44,1.75,1.44
E0,12/11/2024,15:00,Nott'm Forest,Wolves,1,0,H,1,0,H,Test Ref,10,21,4,11,7,6,2,6,2,1,1,0,3.19,3.47,2.46,3.19,3.47,2.46,1.79,1.58,1.79,1.58
E0,06/11/2024,15:00,Aston Villa,Newcastle,1,1,D,0,0,D,Test Ref,8,12,4,2,15,13,4,2,4,0,0,0,2.57,4.41,4.72,2.57,4.41,4.72,2.13,2.3,2.13,2.3
E0,04/11/2024,15:00,Bournemouth,Chelsea,2,2,D,0,0,D,Test Ref,19,17,6,3,19,8,11,11,2,4,0,0,5.83,3.87,5.0,5.83,3.87,5.0,1.72,1.49,1.72,1.49
E0,09/11/2024,15:00,Southampton,Tottenham,2,1,H,0,0,D,Test Ref,7,22,1,10,13,8,3,6,3,1,0,0,1.71,2.54,5.06,1.71,2.54,5.06,1.55,2.25,1.55,2.25
E0,01/11/2024,15:00,Leicester,Arsenal,3,2,H,1,0,H,Test Ref,5,7,1,2,18,14,11,8,3,0,0,0,2.4,3.78,5.41,2.4,3.78,5.41,1.86,2.4,1.86,2.4
E0,15/11/2024,15:00,West Ham,Man City,2,3,A,0,1,A,Test Ref,7,23,3,12,11,12,10,11,2,1,0,1,3.16,3.08,5.08,3.16,3.08,5.08,2.28,1.9,2.28,1.9
E0,06/11/2024,15:00,Brentford,Liverpool,2,1,H,1,0,H,Test Ref,20,11,8,3,14,16,6,4,3,1,0,0,3.78,2.91,1.95,3.78,2.91,1.95,2.37,1.88,2.37,1.88
E0,22/11/2024,15:00,Ipswich,Man United,0,3,A,0,1,A,Test Ref,23,14,9,5,11,19,4,8,1,2,0,0,1.89,2.52,5.08,1.89,2.52,5.08,1.59,2.07,1.59,2.07
E0,13/11/2024,15:00,Fulham,Brighton,2,0,H,1,0,H,Test Ref,5,16,1,5,14,7,7,2,3,3,0,0,2.88,3.76,4.97,2.88,3.76,4.97,2.11,2.22,2.11,2.22
E0,10/11/2024,15:00,Everton,Crystal Palace,2,2,D,1,2,A,Test Ref,9,20,3,6,19,16,6,3,0,3,0,0,4.4,2.93,4.36,4.4,2.93,4.36,1.87,1.57,1.87,1.57
E0,09/12/2024,15:00,Brentford,Ipswich,1,0,H,0,0,D,Test Ref,6,16,1,4,7,8,7,11,0,4,0,0,2.39,3.68,1.54,2.39,3.68,1.54,1.43,1.69,1.43,1.69
E0,26/12/2024,15:00,Man City,Arsenal,0,0,D,0,0,D,Test Ref,10,20,5,5,18,8,9,11,3,1,0,0,3.37,2.53,1.76,3.37,2.53,1.76,1.6,1.52,1.6,1.52
E0,14/12/2024,15:00,Nott'm Forest,Newcastle,1,0,H,1,0,H,Test Ref,6,24,2,6,10,16,4,9,1,3,0,0,1.39,2.75,2.17,1.39,2.75,2.17,1.84,2.33,1.84,2.33
E0,07/12/2024,15:00,Chelsea,Southampton,1,0,H,1,0,H,Test Ref,11,10,2,2,14,15,7,7,4,4,0,0,2.85,3.32,4.66,2.85,3.32,4.66,1.96,2.44,1.96,2.44
E0,28/12/2024,15:00,Bournemouth,Brighton,1,2,A,0,1,A,Test Ref,6,8,2,4,9,14,3,10,4,0,0,1,4.51,3.46,1.8,4.51,3.46,1.8,1.64,1.47,1.64,1.47
E0,01/12/2024,15:00,West Ham,Leicester,0,1,A,0,1,A,Test Ref,22,7,10,2,11,15,3,6,1,2,0,0,5.59,2.84,5.12,5.59,2.84,5.12,2.43,2.43,2.43,2.43
E0,08/12/2024,15:00,Tottenham,Aston Villa,2,2,D,0,0,D,Test Ref,6,16,1,4,18,5,10,9,4,3,0,0,4.95,4.01,4.11,4.95,4.01,4.11,2.09,2.1,2.09,2.1
E0,23/12/2024,15:00,Liverpool,Man United,0,0,D,0,0,D,Test Ref,18,10,5,2,17,16,2,10,0,4,0,0,1.38,3.73,5.17,1.38,3.73,5.17,1.57,2.05,1.57,2.05
E0,28/12/2024,15:00,Crystal Palace,Fulham,2,0,H,0,0,D,Test Ref,10,22,4,5,5,6,9,9,3,3,0,0,5.66,3.11,5.35,5.66,3.11,5.35,2.26,2.42,2.26,2.42
E0,20/12/2024,15:00,Wolves,Everton,1,1,D,1,1,D,Test Ref,14,19,5,7,13,13,11,6,4,0,0,0,3.94,2.63,1.76,3.94,2.63,1.76,2.06,1.7,2.06,1.7
E0,01/01/2024,15:00,Wolves,Man United,3,2,H,1,2,A,Test Ref,24,9,5,2,19,6,2,10,0,0,0,0,1.77,4.02,5.65,1.77,4.02,5.65,1.9,2.13,1.9,2.13
E0,22/01/2024,15:00,Newcastle,Brighton,1,0,H,1,0,H,Test Ref,23,8,7,3,8,12,10,3,4,1,0,0,3.89,2.54,3.7,3.89,2.54,3.7,1.83,2.03,1.83,2.03
E0,23/01/2024,15:00,Southampton,Bournemouth,1,0,H,0,0,D,Test Ref,16,13,3,4,6,12,5,11,1,2,1,0,3.96,4.4,5.32,3.96,4.4,5.32,1.65,1.64,1.65,1.64
E0,22/01/2024,15:00,Aston Villa,Nott'm Forest,5,1,H,1,1,D,Test Ref,9,15,3,5,16,11,8,3,0,0,0,0,5.01,4.0,3.32,5.01,4.0,3.32,2.21,2.09,2.21,2.09
E0,25/01/2024,15:00,Ipswich,West Ham,1,1,D,0,0,D,Test Ref,12,19,2,7,10,8,10,8,1,3,0,0,2.1,3.2,5.67,2.1,3.2,5.67,2.28,1.88,2.28,1.88
E0,18/01/2024,15:00,Leicester,Everton,3,1,H,1,1,D,Test Ref,21,11,11,3,12,11,11,11,3,0,0,0,3.7,3.04,4.93,3.7,3.04,4.93,2.01,2.13,2.01,2.13
E0,09/01/2024,15:00,Crystal Palace,Man City,3,1,H,0,1,A,Test Ref,13,9,4,3,16,6,2,11,1,3,0,0,1.81,4.37,4.1,1.81,4.37,4.1,2.13,1.84,2.13,1.84
E0,03/01/2024,15:00,Chelsea,Tottenham,0,1,A,0,0,D,Test Ref,14,21,5,7,11,18,6,5,4,3,0,0,4.09,3.59,4.03,4.09,3.59,4.03,2.43,1.41,2.43,1.41
E0,24/01/2024,15:00,Brentford,Liverpool,1,0,H,1,0,H,Test Ref,17,5,8,2,14,16,5,5,0,2,0,0,1.93,3.51,3.18,1.93,3.51,3.18,2.36,1.54,2.36,1.54
E0,12/01/2024,15:00,Fulham,Arsenal,2,2,D,2,0,H,Test Ref,15,20,4,7,10,17,7,9,3,1,0,0,2.48,4.3,5.65,2.48,4.3,5.65,1.84,2.38,1.84,2.38
E0,19/02/2024,15:00,Brighton,Wolves,2,0,H,0,0,D,Test Ref,9,18,2,3,14,8,8,4,2,2,0,0,3.38,3.51,4.5,3.38,3.51,4.5,2.1,2.29,2.1,2.29
E0,04/02/2024,15:00,Aston Villa,Arsenal,1,0,H,0,0,D,Test Ref,9,11,4,3,13,8,6,9,3,0,1,0,3.21,4.39,4.66,3.21,4.39,4.66,1.5,2.33,1.5,2.33
E0,04/02/2024,15:00,Man United,Newcastle,2,3,A,1,1,D,Test Ref,10,10,4,2,5,19,2,5,4,2,0,0,2.06,4.03,3.57,2.06,4.03,3.57,2.37,1.84,2.37,1.84
E0,27/02/2024,15:00,Man City,Nott'm Forest,1,1,D,1,1,D,Test Ref,17,24,4,13,6,7,3,6,2,0,0,0,2.06,4.31,2.84,2.06,4.31,2.84,1.81,2.4,1.81,2.4
E0,08/02/2024,15:00,Chelsea,Leicester,2,2,D,1,0,H,Test Ref,13,7,2,4,13,9,5,2,2,2,0,0,2.17,2.66,4.98,2.17,2.66,4.98,2.32,1.58,2.32,1.58
E0,27/02/2024,15:00,Everton,West Ham,1,0,H,1,0,H,Test Ref,23,22,9,11,12,14,11,8,4,3,0,0,4.54,3.32,5.41,4.54,3.32,5.41,1.73,1.41,1.73,1.41
E0,12/02/2024,15:00,Southampton,Crystal Palace,3,3,D,0,1,A,Test Ref,11,21,2,8,7,15,4,11,2,3,1,0,1.26,2.69,2.63,1.26,2.69,2.63,1.46,2.06,1.46,2.06
E0,25/02/2024,15:00,Liverpool,Brentford,0,2,A,0,1,A,Test Ref,10,10,4,5,19,5,8,3,4,0,0,0,5.25,3.36,5.18,5.25,3.36,5.18,2.31,1.61,2.31,1.61
E0,21/02/2024,15:00,Tottenham,Bournemouth,2,2,D,0,0,D,Test Ref,10,6,4,1,14,6,5,10,4,3,0,0,2.56,3.38,2.9,2.56,3.38,2.9,1.48,2.14,1.48,2.14
E0,24/02/2024,15:00,Ipswich,Fulham,2,1,H,0,0,D,Test Ref,21,13,10,6,10,9,6,8,0,3,0,0,5.9,4.26,2.54,5.9,4.26,2.54,1.52,1.52,1.52,1.52
